cz_area,fips
060,01001
254,01003
020,01005
021,01007
021,01009
020,01011
060,01013
303,01015
409,01017
558,01019
021,01021
312,01023
312,01025
190,01027
303,01029
188,01031
140,01033
380,01035
190,01037
060,01039
060,01041
120,01043
188,01045
458,01047
558,01049
060,01051
380,01053
558,01055
462,01057
140,01059
188,01061
216,01063
216,01065
188,01067
188,01069
106,01071
021,01073
462,01075
140,01077
120,01079
022,01081
120,01083
060,01085
022,01087
120,01089
312,01091
462,01093
558,01095
254,01097
380,01099
060,01101
120,01103
458,01105
216,01107
060,01109
409,01111
022,01113
021,01115
021,01117
312,01119
190,01121
190,01123
216,01125
462,01127
254,01129
312,01131
462,01133
552,04001
476,04003
438,04005
158,04007
207,04009
207,04011
323,04012
158,04013
297,04015
552,04017
476,04019
158,04021
476,04023
438,04025
658,04027
553,05001
602,05003
321,05005
240,05007
185,05009
225,05011
092,05013
185,05015
602,05017
411,05019
259,05021
568,05023
225,05025
422,05027
071,05029
259,05031
049,05033
001,05035
413,05037
092,05039
225,05041
225,05043
071,05045
049,05047
430,05049
411,05051
071,05053
259,05055
265,05057
411,05059
265,05061
430,05063
430,05065
568,05067
225,05069
200,05071
422,05073
259,05075
413,05077
225,05079
029,05081
049,05083
071,05085
240,05087
321,05089
029,05091
520,05093
553,05095
411,05097
265,05099
185,05101
092,05103
071,05105
413,05107
265,05109
259,05111
411,05113
200,05115
553,05117
071,05119
259,05121
413,05123
071,05125
049,05127
628,05129
049,05131
029,05133
430,05135
628,05137
092,05139
628,05141
240,05143
568,05145
568,05147
200,05149
294,06001
211,06003
211,06005
348,06007
211,06009
348,06011
294,06013
615,06015
211,06017
187,06019
348,06021
612,06023
658,06025
575,06027
903,06029
187,06031
641,06033
635,06035
323,06037
187,06039
294,06041
187,06043
641,06045
484,06047
637,06049
575,06051
218,06053
294,06055
093,06057
323,06059
093,06061
635,06063
323,06065
093,06067
218,06069
323,06071
902,06073
294,06075
211,06077
584,06079
294,06081
584,06083
218,06085
218,06087
348,06089
093,06091
637,06093
294,06095
294,06097
484,06099
093,06101
348,06103
612,06105
187,06107
484,06109
323,06111
093,06113
093,06115
005,08031
264,08003
005,08005
423,08007
500,08009
500,08011
697,08015
626,08017
005,08019
264,08021
264,08023
159,08025
159,08027
381,08029
363,08033
005,08035
183,08037
005,08039
153,08041
159,08043
183,08045
005,08047
691,08049
633,08051
633,08053
613,08055
663,08057
500,08061
626,08063
183,08065
423,08067
005,08069
613,08071
153,08073
571,08075
677,08077
264,08079
414,08081
363,08083
381,08085
579,08087
159,08089
381,08091
005,08093
571,08095
183,08097
500,08099
159,08101
414,08103
264,08105
414,08107
264,08109
423,08111
381,08113
571,08115
183,08117
153,08119
579,08121
579,08125
078,09001
078,09003
078,09005
078,09007
078,09009
078,09011
078,09013
078,09015
180,10001
196,10003
180,10005
074,11001
205,12001
064,12003
306,12005
064,12007
601,12009
410,12011
062,12013
334,12015
205,12017
064,12019
307,12021
374,12023
334,12027
205,12029
064,12031
143,12033
277,12035
678,12037
062,12039
205,12041
307,12043
306,12045
374,12047
522,12049
307,12051
325,12053
522,12055
325,12057
306,12059
601,12061
306,12063
062,12065
374,12067
075,12069
307,12071
062,12073
205,12075
062,12077
374,12079
334,12081
205,12083
237,12085
410,12086
410,12087
064,12089
143,12091
237,12093
075,12095
075,12097
237,12099
325,12101
325,12103
522,12105
064,12107
064,12109
237,12111
143,12113
334,12115
075,12117
075,12119
374,12121
670,12123
064,12125
277,12127
062,12129
143,12131
306,12133
119,13001
137,13003
137,13005
008,13007
194,13009
310,13011
141,13013
090,13015
197,13017
019,13019
067,13021
252,13023
165,13025
019,13027
061,13029
424,13031
030,13033
141,13035
008,13037
064,13039
424,13043
303,13045
106,13047
064,13049
061,13051
022,13053
090,13055
141,13057
041,13059
008,13061
141,13063
137,13065
141,13067
137,13069
382,13071
030,13073
019,13075
409,13077
067,13079
341,13081
106,13083
310,13085
347,13087
141,13089
252,13091
341,13093
008,13095
141,13097
008,13099
019,13101
061,13103
371,13105
424,13107
061,13109
562,13111
141,13113
090,13115
310,13117
371,13119
141,13121
562,13123
030,13125
165,13127
090,13129
382,13131
278,13133
141,13135
310,13137
310,13139
194,13141
303,13143
022,13145
371,13147
409,13149
141,13151
067,13153
197,13155
310,13157
141,13159
119,13161
030,13163
424,13165
252,13167
067,13169
247,13171
019,13173
252,13175
008,13177
061,13179
278,13181
061,13183
019,13185
310,13187
030,13189
165,13191
079,13193
041,13195
079,13197
022,13199
347,13201
008,13205
067,13207
119,13209
278,13211
090,13213
022,13215
141,13217
041,13219
041,13221
141,13223
067,13225
141,13227
137,13229
247,13231
090,13233
252,13235
194,13237
020,13239
123,13241
008,13243
030,13245
141,13247
079,13249
424,13251
347,13253
247,13255
371,13257
079,13259
079,13261
022,13263
278,13265
061,13267
067,13269
119,13271
008,13273
382,13275
197,13277
119,13279
357,13281
119,13283
409,13285
197,13287
067,13289
357,13291
247,13293
106,13295
141,13297
137,13299
030,13301
252,13303
061,13305
079,13307
119,13309
310,13311
090,13313
341,13315
278,13317
194,13319
008,13321
052,16001
460,16003
088,16005
529,16007
501,16009
088,16011
124,16013
052,16015
498,16017
088,16019
498,16021
088,16023
124,16025
052,16027
529,16029
132,16031
088,16033
046,16035
654,16037
052,16039
227,16041
201,16043
052,16045
124,16047
046,16049
088,16051
124,16053
501,16055
477,16057
654,16059
046,16061
124,16063
201,16065
132,16067
046,16069
227,16071
052,16073
208,16075
088,16077
501,16079
234,16081
124,16083
460,16085
208,16087
085,17001
384,17003
221,17005
115,17007
548,17009
145,17011
221,17013
115,17015
548,17017
224,17019
066,17021
242,17023
471,17025
349,17027
235,17029
058,17031
443,17033
235,17035
058,17037
320,17039
224,17041
058,17043
242,17045
471,17047
235,17049
221,17051
224,17053
384,17055
548,17057
343,17059
122,17061
058,17063
349,17065
192,17067
343,17069
192,17071
229,17073
440,17075
384,17077
235,17079
349,17081
221,17083
344,17085
384,17087
058,17089
440,17091
058,17093
280,17095
058,17097
145,17099
443,17101
115,17103
320,17105
127,17107
548,17109
058,17111
320,17113
235,17115
066,17117
221,17119
349,17121
127,17123
127,17125
343,17127
066,17129
229,17131
002,17133
066,17135
122,17137
235,17139
115,17141
127,17143
384,17145
224,17147
085,17149
343,17151
384,17153
145,17155
384,17157
471,17159
229,17161
002,17163
343,17165
066,17167
548,17169
122,17171
235,17173
229,17175
115,17177
127,17179
384,17181
202,17183
471,17185
280,17187
349,17189
471,17191
471,17193
115,17195
058,17197
384,17199
115,17201
127,17203
448,18001
191,18003
383,18005
202,18007
448,18009
025,18011
025,18013
202,18015
285,18017
026,18019
242,18021
202,18023
026,18025
272,18027
181,18029
181,18031
191,18033
448,18035
050,18037
408,18039
337,18041
026,18043
202,18045
181,18047
587,18049
050,18051
448,18053
272,18055
025,18057
025,18059
026,18061
025,18063
025,18065
285,18067
191,18069
383,18071
236,18073
448,18075
463,18077
383,18079
025,18081
443,18083
587,18085
191,18087
236,18089
236,18091
272,18093
025,18095
025,18097
408,18099
272,18101
285,18103
272,18105
202,18107
025,18109
236,18111
191,18113
181,18115
272,18117
272,18119
242,18121
050,18123
050,18125
236,18127
050,18129
236,18131
025,18133
448,18135
181,18137
025,18139
408,18141
383,18143
025,18145
050,18147
408,18149
191,18151
242,18153
181,18155
202,18157
285,18159
337,18161
050,18163
242,18165
242,18167
587,18169
202,18171
050,18173
026,18175
337,18177
191,18179
202,18181
191,18183
015,19001
509,19003
470,19005
393,19007
597,19009
161,19011
230,19013
015,19015
230,19017
230,19019
564,19021
230,19023
401,19025
621,19027
597,19029
161,19031
304,19033
564,19035
507,19037
526,19039
518,19041
470,19043
344,19045
564,19047
015,19049
393,19051
526,19053
344,19055
192,19057
518,19059
344,19061
518,19063
230,19065
507,19067
561,19069
295,19071
621,19073
230,19075
015,19077
401,19079
304,19081
561,19083
024,19085
192,19087
507,19089
401,19091
564,19093
161,19095
344,19097
455,19099
478,19101
161,19103
161,19105
393,19107
518,19109
192,19111
161,19113
161,19115
526,19117
504,19119
015,19121
393,19123
393,19125
455,19127
024,19129
507,19131
004,19133
393,19135
295,19137
161,19139
504,19141
504,19143
295,19145
518,19147
004,19149
564,19151
015,19153
024,19155
455,19157
509,19159
564,19161
229,19163
597,19165
504,19167
015,19169
455,19171
509,19173
509,19175
478,19177
393,19179
015,19181
161,19183
526,19185
401,19187
304,19189
507,19191
004,19193
304,19195
401,19197
456,20001
604,20003
616,20005
652,20007
505,20009
101,20011
516,20013
082,20015
287,20017
594,20019
101,20021
648,20023
406,20025
125,20027
576,20029
287,20031
406,20033
594,20035
101,20037
653,20039
155,20041
055,20043
133,20045
406,20047
594,20049
535,20051
155,20053
243,20055
406,20057
604,20059
125,20061
502,20063
535,20065
449,20067
406,20069
648,20071
594,20073
243,20075
652,20077
082,20079
243,20081
406,20083
133,20085
133,20087
576,20089
121,20091
243,20093
082,20095
607,20097
428,20099
582,20101
616,20103
155,20105
121,20107
502,20109
287,20111
549,20113
082,20115
580,20117
379,20119
121,20121
576,20123
428,20125
125,20127
449,20129
516,20131
456,20133
687,20135
598,20137
133,20139
643,20141
155,20143
505,20145
598,20147
125,20149
607,20151
653,20153
549,20155
576,20157
549,20159
125,20161
535,20163
505,20165
643,20167
155,20169
582,20171
082,20173
379,20175
133,20177
502,20179
648,20181
598,20183
505,20185
449,20187
449,20189
082,20191
502,20193
535,20195
133,20197
648,20199
580,20201
582,20203
456,20205
456,20207
121,20209
468,21001
157,21003
072,21005
128,21007
228,21009
311,21011
450,21013
089,21015
072,21017
116,21019
266,21021
089,21023
439,21025
176,21027
026,21029
157,21031
331,21033
128,21035
089,21037
128,21039
463,21041
311,21043
266,21045
108,21047
439,21049
351,21051
472,21053
331,21055
472,21057
063,21059
157,21061
311,21063
336,21065
072,21067
372,21069
302,21071
072,21073
117,21075
089,21077
266,21079
089,21081
128,21083
176,21085
468,21087
116,21089
063,21091
176,21093
450,21095
072,21097
228,21099
331,21101
026,21103
117,21105
331,21107
351,21109
026,21111
072,21113
302,21115
089,21117
319,21119
351,21121
176,21123
351,21125
302,21127
439,21129
319,21131
319,21133
372,21135
266,21137
128,21139
108,21141
331,21143
128,21145
531,21147
063,21149
336,21151
302,21153
523,21155
128,21157
302,21159
372,21161
176,21163
311,21165
266,21167
228,21169
228,21171
311,21173
311,21175
063,21177
523,21179
072,21181
063,21183
026,21185
463,21187
439,21189
089,21191
319,21193
302,21195
439,21197
531,21199
072,21201
336,21203
311,21205
468,21207
072,21209
026,21211
157,21213
026,21215
468,21217
108,21219
108,21221
463,21223
331,21225
157,21227
523,21229
472,21231
331,21233
351,21235
439,21237
072,21239
168,22001
154,22003
016,22005
338,22007
114,22009
154,22011
314,22013
023,22015
023,22017
154,22019
593,22021
154,22023
289,22025
023,22027
289,22029
023,22031
016,22033
313,22035
016,22037
168,22039
289,22041
114,22043
168,22045
016,22047
314,22049
056,22051
154,22053
168,22055
338,22057
593,22059
314,22061
016,22063
258,22065
313,22067
023,22069
056,22071
313,22073
056,22075
016,22077
114,22079
023,22081
313,22083
023,22085
056,22087
056,22089
016,22091
016,22093
056,22095
168,22097
168,22099
338,22101
056,22103
016,22105
289,22107
338,22109
313,22111
168,22113
154,22115
056,22117
023,22119
016,22121
313,22123
016,22125
314,22127
094,23001
689,23003
094,23005
094,23007
339,23009
094,23011
094,23013
094,23015
094,23017
339,23019
339,23021
094,23023
094,23025
094,23027
339,23029
281,23031
152,24001
036,24003
036,24005
074,24009
355,24011
036,24013
196,24015
074,24017
355,24019
418,24021
152,24023
036,24025
036,24027
355,24029
074,24031
074,24033
355,24035
074,24037
180,24039
355,24041
418,24043
180,24045
180,24047
076,25001
630,25003
073,25005
705,25007
076,25009
239,25011
239,25013
239,25015
076,25017
704,25019
076,25021
076,25023
076,25025
076,25027
322,26001
519,26003
249,26005
322,26007
104,26009
352,26011
013,26013
249,26015
352,26017
104,26019
408,26021
284,26023
284,26025
408,26027
395,26029
395,26031
508,26033
352,26035
053,26037
388,26039
519,26041
111,26043
053,26045
395,26047
053,26049
352,26051
130,26053
104,26055
352,26057
513,26059
013,26061
583,26063
053,26065
249,26067
322,26069
111,26071
352,26073
513,26075
284,26077
104,26079
249,26081
013,26083
172,26085
232,26087
104,26089
513,26091
232,26093
508,26095
508,26097
232,26099
574,26101
519,26103
574,26105
172,26107
111,26109
352,26111
172,26113
077,26115
249,26117
322,26119
249,26121
249,26123
232,26125
249,26127
388,26129
130,26131
172,26133
388,26135
322,26137
249,26139
322,26141
388,26143
352,26145
232,26147
284,26149
232,26151
519,26153
053,26155
583,26157
284,26159
513,26161
232,26163
172,26165
305,27001
047,27003
375,27005
356,27007
012,27009
479,27011
083,27013
083,27015
179,27017
047,27019
305,27021
491,27023
047,27025
033,27027
356,27029
179,27031
563,27033
305,27035
047,27037
144,27039
451,27041
614,27043
144,27045
590,27047
144,27049
451,27051
047,27053
186,27055
356,27057
047,27059
305,27061
563,27063
555,27065
491,27067
537,27069
683,27071
491,27073
179,27075
496,27077
083,27079
437,27081
437,27083
499,27085
375,27087
271,27089
614,27091
499,27093
012,27095
012,27097
590,27099
563,27101
083,27103
563,27105
033,27107
144,27109
415,27111
271,27113
555,27115
437,27117
271,27119
451,27121
047,27123
271,27125
591,27127
591,27129
566,27131
011,27133
496,27135
179,27137
047,27139
012,27141
499,27143
012,27145
566,27147
451,27149
491,27151
415,27153
479,27155
144,27157
415,27159
566,27161
047,27163
083,27165
033,27167
204,27169
047,27171
491,27173
289,28001
494,28003
345,28005
589,28007
389,28009
275,28011
166,28013
156,28015
166,28017
446,28019
258,28021
268,28023
446,28025
416,28027
045,28029
034,28031
001,28033
034,28035
345,28037
255,28039
255,28041
156,28043
255,28045
255,28047
045,28049
589,28051
275,28053
275,28055
166,28057
255,28059
257,28061
258,28063
034,28065
257,28067
268,28069
416,28071
034,28073
268,28075
345,28077
268,28079
166,28081
156,28083
345,28085
446,28087
045,28089
034,28091
389,28093
166,28095
156,28097
268,28099
268,28101
446,28103
446,28105
416,28107
255,28109
034,28111
345,28113
166,28115
494,28117
416,28119
045,28121
268,28123
275,28125
045,28127
257,28129
255,28131
275,28133
416,28135
001,28137
389,28139
494,28141
001,28143
389,28145
034,28147
258,28149
275,28151
257,28153
446,28155
345,28157
268,28159
416,28161
045,28163
253,29001
055,29003
295,29005
629,29007
317,29009
542,29011
121,29013
464,29015
209,29017
126,29019
055,29021
350,29023
368,29025
126,29027
376,29029
209,29031
492,29033
350,29035
121,29037
542,29039
492,29041
044,29043
192,29045
121,29047
368,29049
126,29051
126,29053
002,29055
542,29057
044,29059
368,29061
368,29063
493,29065
364,29067
520,29069
002,29071
002,29073
055,29075
044,29077
469,29079
368,29081
464,29083
044,29085
055,29087
126,29089
364,29091
399,29093
121,29095
101,29097
002,29099
464,29101
253,29103
044,29105
121,29107
317,29109
085,29111
002,29113
492,29115
492,29117
240,29119
554,29121
399,29123
493,29125
085,29127
469,29129
376,29131
209,29133
126,29135
554,29137
629,29139
376,29141
209,29143
101,29145
055,29147
364,29149
126,29151
321,29153
520,29155
209,29157
464,29159
493,29161
085,29163
121,29165
044,29167
493,29169
469,29171
085,29173
554,29175
121,29177
493,29179
350,29181
002,29183
464,29185
399,29186
399,29187
002,29189
671,29195
253,29197
253,29199
209,29201
364,29203
554,29205
209,29207
353,29209
469,29211
353,29213
364,29215
542,29217
002,29219
399,29221
350,29223
044,29225
055,29227
364,29229
686,30001
595,30003
600,30005
095,30007
300,30009
487,30011
503,30013
503,30015
487,30017
661,30019
521,30021
495,30023
487,30025
543,30027
609,30029
539,30031
543,30033
631,30035
300,30037
495,30039
600,30041
095,30043
543,30045
609,30047
095,30049
600,30051
698,30053
544,30055
539,30057
543,30059
365,30061
365,30063
300,30065
539,30067
543,30069
543,30071
631,30073
487,30075
495,30077
487,30079
365,30081
540,30083
544,30085
595,30087
609,30089
661,30091
495,30093
300,30095
539,30097
503,30099
631,30101
595,30103
544,30105
543,30107
521,30109
300,30111
267,31001
532,31003
461,31005
210,31007
546,31009
329,31011
636,31013
532,31015
547,31017
241,31019
603,31021
329,31023
024,31025
429,31027
293,31029
578,31031
510,31033
267,31035
329,31037
603,31039
546,31041
004,31043
636,31045
244,31047
510,31049
057,31051
024,31053
024,31055
293,31057
550,31059
241,31061
244,31063
244,31065
245,31067
510,31069
514,31071
244,31073
578,31075
206,31077
206,31079
206,31081
244,31083
293,31085
293,31087
532,31089
578,31091
206,31093
245,31095
245,31097
241,31099
461,31101
547,31103
625,31105
429,31107
245,31109
292,31111
292,31113
057,31119
206,31121
210,31123
329,31125
245,31127
267,31129
245,31131
516,31133
461,31135
244,31137
057,31139
329,31141
550,31143
293,31145
516,31147
547,31149
245,31151
024,31153
024,31155
210,31157
245,31159
636,31161
241,31163
210,31165
057,31167
267,31169
546,31171
603,31173
514,31175
024,31177
057,31179
267,31181
532,31183
550,31185
080,32001
297,32003
211,32005
003,32007
297,32009
003,32011
396,32013
396,32015
297,32017
080,32019
080,32021
297,32023
396,32027
080,32029
080,32031
003,32033
080,32510
281,33001
281,33003
486,33005
195,33007
398,33009
281,33011
281,33013
281,33015
281,33017
398,33019
308,34001
250,34003
308,34005
308,34007
308,34009
308,34011
250,34013
308,34015
250,34017
250,34019
316,34021
250,34023
427,34025
250,34027
427,34029
250,34031
308,34033
250,34035
250,34037
250,34039
250,34041
017,35001
647,35003
655,35005
552,35006
315,35007
405,35009
656,35011
288,35013
655,35015
647,35017
656,35019
315,35021
647,35023
533,35025
619,35027
175,35028
647,35029
552,35031
315,35033
619,35035
656,35037
175,35039
405,35041
017,35043
363,35045
315,35047
175,35049
288,35051
017,35053
175,35055
017,35057
037,35059
017,35061
096,36001
164,36003
134,36005
169,36007
164,36009
214,36011
215,36013
431,36015
466,36017
527,36019
096,36021
214,36023
466,36025
151,36027
164,36029
527,36031
527,36033
385,36035
164,36037
096,36039
385,36041
198,36043
198,36045
134,36047
198,36049
184,36051
214,36053
184,36055
385,36057
134,36059
134,36061
164,36063
198,36065
214,36067
184,36069
151,36071
184,36073
214,36075
466,36077
151,36079
134,36081
096,36083
134,36085
151,36087
527,36089
096,36091
096,36093
096,36095
431,36097
184,36099
431,36101
134,36103
151,36105
169,36107
214,36109
151,36111
096,36113
096,36115
184,36117
151,36119
164,36121
184,36123
248,37001
246,37003
150,37005
138,37007
482,37009
482,37011
298,37013
261,37015
162,37017
110,37019
091,37021
246,37023
138,37025
246,37027
147,37029
182,37031
248,37033
246,37035
087,37037
357,37039
147,37041
357,37043
138,37045
162,37047
182,37049
162,37051
147,37053
147,37055
248,37057
112,37059
559,37061
087,37063
146,37065
112,37067
087,37069
138,37071
039,37073
682,37075
087,37077
298,37079
248,37081
261,37083
087,37085
091,37087
091,37089
261,37091
162,37093
298,37095
138,37097
123,37099
087,37101
182,37103
087,37105
298,37107
138,37109
246,37111
123,37113
091,37115
298,37117
138,37119
402,37121
528,37123
528,37125
146,37127
110,37129
261,37131
182,37133
087,37135
182,37137
147,37139
110,37141
147,37143
087,37145
298,37147
361,37149
248,37151
528,37153
162,37155
248,37157
138,37159
361,37161
559,37163
162,37165
138,37167
112,37169
112,37171
123,37173
091,37175
298,37177
138,37179
087,37181
087,37183
087,37185
298,37187
482,37189
559,37191
482,37193
146,37195
112,37197
402,37199
599,38001
624,38003
390,38005
131,38007
276,38009
326,38011
622,38013
043,38015
033,38017
537,38019
360,38021
622,38023
131,38025
390,38027
605,38029
390,38031
521,38033
271,38035
043,38037
390,38039
131,38041
624,38043
360,38045
605,38047
276,38049
605,38051
540,38053
043,38055
043,38057
043,38059
540,38061
271,38063
043,38065
537,38067
570,38069
390,38071
360,38073
276,38075
033,38077
570,38079
360,38081
577,38083
474,38085
326,38087
131,38089
271,38091
624,38093
570,38095
271,38097
537,38099
276,38101
577,38103
622,38105
089,39001
404,39003
391,39005
170,39007
442,39009
404,39011
222,39013
089,39015
089,39017
148,39019
038,39021
038,39023
089,39025
400,39027
296,39029
148,39031
391,39033
170,39035
038,39037
432,39039
010,39041
417,39043
010,39045
400,39047
010,39049
432,39051
442,39053
170,39055
038,39057
318,39059
089,39061
536,39063
536,39065
148,39067
432,39069
400,39071
010,39073
148,39075
417,39077
327,39079
213,39081
010,39083
170,39085
116,39087
010,39089
536,39091
417,39093
077,39095
010,39097
296,39099
391,39101
170,39103
442,39105
404,39107
038,39109
222,39111
038,39113
010,39115
391,39117
010,39119
318,39121
077,39123
432,39125
010,39127
327,39129
327,39131
170,39133
038,39135
404,39137
391,39139
327,39141
077,39143
327,39145
536,39147
038,39149
148,39151
170,39153
296,39155
148,39157
010,39159
404,39161
327,39163
089,39165
081,39167
148,39169
432,39171
077,39173
536,39175
426,40001
435,40003
497,40005
379,40007
397,40009
370,40011
433,40013
028,40015
028,40017
269,40019
426,40021
386,40023
444,40025
028,40027
497,40029
369,40031
369,40033
572,40035
040,40037
397,40039
572,40041
370,40043
370,40045
435,40047
269,40049
028,40051
435,40053
425,40055
425,40057
370,40059
473,40061
452,40063
425,40065
369,40067
269,40069
407,40071
028,40073
425,40075
473,40077
473,40079
028,40081
028,40083
269,40085
028,40087
029,40089
426,40091
435,40093
269,40095
572,40097
269,40099
426,40101
407,40103
428,40105
452,40107
028,40109
452,40111
040,40113
572,40115
040,40117
407,40119
473,40121
497,40123
452,40125
386,40127
397,40129
040,40131
452,40133
049,40135
369,40137
444,40139
369,40141
040,40143
040,40145
428,40147
397,40149
435,40151
370,40153
657,41001
109,41003
129,41005
354,41007
129,41009
659,41011
373,41013
615,41015
373,41017
659,41019
174,41021
694,41023
695,41025
362,41027
488,41029
373,41031
488,41033
637,41035
699,41037
109,41039
662,41041
109,41043
208,41045
109,41047
174,41049
129,41051
109,41053
362,41055
662,41057
174,41059
657,41061
673,41063
362,41065
129,41067
174,41069
129,41071
251,42001
203,42003
203,42005
203,42007
420,42009
231,42011
420,42013
358,42015
316,42017
203,42019
420,42021
524,42023
231,42025
565,42027
316,42029
215,42031
332,42033
358,42035
113,42037
215,42039
251,42041
251,42043
316,42045
524,42047
215,42049
203,42051
215,42053
418,42055
418,42057
136,42059
565,42061
420,42063
332,42065
565,42067
309,42069
251,42071
296,42073
251,42075
231,42077
309,42079
358,42081
524,42083
296,42085
565,42087
309,42089
316,42091
113,42093
231,42095
113,42097
251,42099
316,42101
309,42103
524,42105
231,42107
113,42109
420,42111
358,42113
169,42115
431,42117
113,42119
215,42121
215,42123
203,42125
309,42127
203,42129
309,42131
251,42133
073,44001
073,44003
073,44005
073,44007
073,44009
282,45001
030,45003
212,45005
282,45007
212,45009
212,45011
142,45013
098,45015
212,45017
098,45019
361,45021
346,45023
220,45025
084,45027
098,45029
220,45031
220,45033
098,45035
030,45037
084,45039
220,45041
238,45043
282,45045
282,45047
142,45049
238,45051
142,45053
084,45055
346,45057
282,45059
084,45061
084,45063
282,45065
220,45067
220,45069
084,45071
282,45073
212,45075
282,45077
084,45079
084,45081
361,45083
084,45085
361,45087
238,45089
346,45091
135,46003
135,46005
556,46007
429,46009
467,46011
324,46013
335,46015
335,46017
107,46019
474,46021
620,46023
301,46025
004,46027
301,46029
474,46031
107,46033
135,46035
675,46037
301,46039
474,46041
620,46043
324,46045
107,46047
324,46049
479,46051
642,46053
680,46055
301,46057
335,46059
135,46061
326,46063
006,46065
620,46067
335,46069
680,46071
135,46073
680,46075
467,46077
467,46079
107,46081
011,46083
335,46085
011,46087
324,46089
479,46091
107,46093
680,46095
467,46097
011,46099
467,46101
107,46103
599,46105
006,46107
479,46109
135,46111
556,46113
324,46115
006,46117
006,46119
680,46121
642,46123
011,46125
004,46127
474,46129
429,46135
474,46137
065,47001
177,47003
560,47005
106,47007
065,47009
217,47011
065,47013
054,47015
560,47017
167,47019
054,47021
189,47023
450,47025
199,47027
328,47029
177,47031
189,47033
573,47035
054,47037
189,47039
199,47041
480,47043
117,47045
001,47047
573,47049
177,47051
189,47053
457,47055
328,47057
167,47059
106,47061
328,47063
106,47065
328,47067
189,47069
494,47071
167,47073
189,47075
189,47077
560,47079
480,47081
108,47083
480,47085
199,47087
328,47089
482,47091
065,47093
117,47095
001,47097
457,47099
457,47101
120,47103
065,47105
217,47107
494,47109
054,47111
189,47113
106,47115
457,47117
457,47119
217,47121
065,47123
108,47125
177,47127
065,47129
117,47131
199,47133
457,47135
472,47137
217,47139
199,47141
106,47143
065,47145
054,47147
054,47149
531,47151
106,47153
328,47155
001,47157
054,47159
108,47161
167,47163
054,47165
001,47167
054,47169
167,47171
065,47173
199,47175
199,47177
167,47179
457,47181
117,47183
199,47185
054,47187
054,47189
475,48001
097,48003
551,48005
099,48007
068,48009
007,48011
069,48013
588,48015
405,48017
069,48019
027,48021
068,48023
226,48025
035,48027
069,48029
027,48031
541,48415
283,48035
029,48037
009,48039
160,48041
481,48043
419,48045
099,48047
511,48049
160,48051
027,48053
027,48055
149,48057
086,48059
291,48061
286,48063
007,48065
286,48067
585,48069
009,48071
475,48073
299,48075
068,48077
270,48079
193,48081
511,48083
042,48085
273,48087
588,48089
069,48091
534,48093
193,48095
447,48097
035,48099
299,48101
097,48103
606,48105
270,48107
481,48109
037,48111
042,48113
541,48115
585,48117
042,48119
447,48121
149,48123
299,48125
506,48127
634,48129
099,48131
632,48133
097,48135
483,48137
042,48139
288,48141
534,48143
283,48145
433,48147
588,48149
086,48151
419,48153
453,48155
009,48157
286,48159
485,48161
557,48163
533,48165
009,48167
270,48169
569,48171
333,48173
149,48175
690,48177
273,48179
433,48181
163,48183
160,48185
069,48187
419,48189
634,48191
534,48193
512,48195
453,48197
118,48199
009,48201
163,48203
037,48205
490,48207
027,48209
273,48211
475,48213
291,48215
283,48217
270,48219
102,48221
286,48223
475,48225
333,48227
288,48229
042,48231
007,48233
193,48235
608,48237
149,48239
118,48241
481,48243
118,48245
538,48247
099,48249
102,48251
086,48253
226,48255
042,48257
069,48259
099,48261
299,48263
569,48265
569,48267
299,48269
392,48271
099,48273
490,48275
386,48277
405,48279
035,48281
557,48283
149,48285
027,48287
485,48289
009,48291
485,48293
512,48295
226,48297
027,48299
097,48389
270,48303
270,48305
592,48307
283,48309
226,48311
387,48313
163,48315
333,48317
592,48319
009,48321
506,48323
069,48325
592,48327
333,48329
027,48331
511,48333
541,48335
447,48337
009,48339
444,48341
286,48343
299,48345
551,48347
042,48349
118,48351
086,48353
099,48355
512,48357
007,48359
118,48361
102,48363
163,48365
102,48367
405,48369
610,48371
118,48373
007,48375
481,48377
042,48379
007,48381
333,48383
483,48385
386,48387
099,48391
273,48393
160,48395
042,48397
193,48399
163,48401
551,48403
551,48405
009,48407
099,48409
035,48411
606,48413
086,48417
551,48419
444,48421
475,48423
102,48425
291,48427
632,48429
193,48431
299,48433
606,48435
419,48437
102,48439
086,48441
610,48443
270,48445
608,48447
286,48449
193,48451
027,48453
387,48455
118,48457
163,48459
333,48461
506,48463
392,48465
042,48467
149,48469
387,48471
009,48473
097,48475
588,48477
538,48479
009,48481
273,48483
068,48485
453,48487
291,48489
027,48491
069,48493
097,48495
447,48497
286,48499
533,48501
608,48503
538,48505
506,48507
581,49001
227,49003
227,49005
274,49007
394,49009
139,49011
377,49013
274,49015
530,49017
617,49019
581,49021
262,49023
438,49025
262,49027
139,49029
530,49031
394,49033
139,49035
617,49037
262,49039
530,49041
139,49043
139,49045
377,49047
262,49049
139,49051
581,49053
530,49055
139,49057
105,50001
630,50003
195,50005
105,50007
195,50009
105,50011
105,50013
105,50015
398,50017
195,50019
105,50021
398,50023
486,50025
398,50027
173,51001
031,51003
441,51005
014,51007
051,51009
051,51011
074,51013
441,51015
441,51017
051,51019
342,51021
032,51023
403,51025
342,51027
434,51029
051,51031
219,51033
150,51035
014,51036
403,51037
014,51041
178,51043
032,51045
031,51047
434,51049
256,51051
014,51053
330,51057
074,51059
074,51061
032,51063
031,51065
032,51067
178,51069
032,51071
039,51073
014,51075
150,51077
031,51079
261,51081
403,51083
014,51085
014,51087
421,51089
441,51091
039,51093
039,51095
014,51097
219,51099
014,51101
330,51103
256,51105
074,51107
031,51109
403,51111
031,51113
039,51115
403,51117
039,51119
032,51121
031,51125
014,51127
173,51131
330,51133
403,51135
031,51137
454,51139
421,51141
248,51143
014,51145
434,51147
014,51149
074,51153
032,51155
074,51157
330,51159
032,51161
441,51163
454,51165
342,51167
167,51169
178,51171
167,51173
039,51175
219,51177
219,51179
039,51181
014,51183
342,51185
178,51187
167,51191
330,51193
256,51195
342,51197
039,51199
039,51710
039,51800
039,51810
489,53001
046,53003
018,53005
048,53007
596,53009
129,53011
018,53013
354,53015
048,53017
340,53019
018,53021
046,53023
489,53025
354,53027
171,53029
596,53031
171,53033
596,53035
640,53037
362,53039
412,53041
340,53043
412,53045
340,53047
354,53049
498,53051
171,53053
700,53055
171,53057
129,53059
171,53061
340,53063
340,53065
412,53067
354,53069
018,53071
171,53073
477,53075
640,53077
436,54001
418,54003
059,54005
367,54007
213,54009
116,54011
059,54013
059,54015
136,54017
359,54019
367,54021
152,54023
359,54025
178,54027
213,54029
152,54031
136,54033
059,54035
418,54037
059,54039
367,54041
059,54043
302,54045
342,54047
136,54049
222,54051
442,54053
342,54055
152,54057
302,54059
136,54061
359,54063
418,54065
367,54067
222,54069
454,54071
081,54073
436,54075
136,54077
059,54079
359,54081
436,54083
081,54085
059,54087
359,54089
136,54091
436,54093
222,54095
367,54097
116,54099
367,54101
222,54103
081,54105
081,54107
359,54109
223,55001
279,55003
517,55005
279,55007
100,55009
204,55011
567,55013
233,55015
204,55017
366,55019
223,55021
470,55023
223,55025
070,55027
100,55029
179,55031
204,55033
204,55035
111,55037
233,55039
263,55041
470,55043
545,55045
233,55047
223,55049
130,55051
204,55053
070,55055
223,55057
058,55059
100,55061
186,55063
545,55065
263,55067
366,55069
586,55071
366,55073
111,55075
223,55077
100,55115
070,55079
186,55081
100,55083
263,55085
233,55087
070,55089
204,55091
047,55093
567,55095
366,55097
279,55099
058,55101
470,55103
545,55105
517,55107
047,55109
223,55111
517,55113
586,55117
366,55119
204,55121
186,55123
263,55125
058,55127
517,55129
070,55131
070,55133
233,55135
233,55137
233,55139
366,55141
676,56001
525,56003
445,56005
663,56007
465,56009
445,56011
669,56013
651,56015
618,56017
611,56019
625,56021
234,56023
465,56025
651,56027
525,56029
651,56031
611,56033
234,56035
394,56037
234,56039
394,56041
618,56043
445,56045
